date,u_rate,seperation_rate,job_finding_rate
1990-02-01,,,
1990-03-01,,,
1990-04-01,0.0531501790981033,0.015289705607182078,0.29539872195962996
1990-05-01,0.05336548873977443,0.014874521849512629,0.2830164420533483
1990-06-01,0.05337599557468118,0.014903253188614775,0.28217584153109504
1990-07-01,0.05369548492118117,0.015095890963225526,0.281399513400767
1990-08-01,0.05486172911728793,0.01567362842706965,0.27589309376127974
1990-09-01,0.05687736966756599,0.01563940744228055,0.2573162680835757
1990-10-01,0.05825975495163873,0.015542323969398584,0.26044277569111435
1990-11-01,0.05977065056053415,0.016006759419471574,0.2552710816117096
1990-12-01,0.061140451818954465,0.01636248276987316,0.2582830424665939
1991-01-01,0.06261814366783541,0.016604309890774726,0.2514523778708309
1991-02-01,0.063951474995379,0.016772662769549543,0.24905496015841755
1991-03-01,0.0657443502708345,0.017524413846128507,0.24741710198261616
1991-04-01,0.06676179064753843,0.0174543250877368,0.25604181917128394
1991-05-01,0.06797905533301057,0.017450279887706917,0.24915746914945658
1991-06-01,0.06824205402202622,0.016824737210859628,0.2523092249856732
1991-07-01,0.06869989218409542,0.016824622345635417,0.23970039771766774
1991-08-01,0.06851968383997703,0.016725947440754948,0.24681084359022995
1991-09-01,0.06854087536852525,0.01685402055952258,0.2483552241722895
1991-10-01,0.06912727082324065,0.01704688398377763,0.24804113724494972
1991-11-01,0.06972486806858501,0.016727126755936163,0.24465651128270527
1991-12-01,0.07097498876221409,0.01679430836848174,0.22894189167398069
1992-01-01,0.07201689509642215,0.01715581423967603,0.23647402917164972
1992-02-01,0.07329390205617019,0.017439683343124724,0.22930517534839115
1992-03-01,0.07379999831448035,0.016837594737179277,0.23373978065907167
1992-04-01,0.07403386211010787,0.01615316104297437,0.22388025199349113
1992-05-01,0.07461202338669881,0.016103180429960246,0.22573782634683445
1992-06-01,0.07595256539098476,0.016890984877892135,0.22474861897617612
1992-07-01,0.07694255334855454,0.016948150998418746,0.22539943269550833
1992-08-01,0.07695662444847584,0.01670766903292568,0.22599422058840982
1992-09-01,0.07627625982410723,0.01677722056168607,0.22876120194220942
1992-10-01,0.07520653665279817,0.016733355325772588,0.23119395485179994
1992-11-01,0.07466436449886686,0.016854432393490257,0.23515390378534248
1992-12-01,0.07407308468551675,0.016650311190777502,0.23715321876134346
1993-01-01,0.07381230014601861,0.016336094601301854,0.23477916583315406
1993-02-01,0.072817770183354,0.016063076397844742,0.2325990044832411
1993-03-01,0.07151067089931047,0.015789122714096934,0.23450539901543424
1993-04-01,0.07091867674672303,0.015984167081674164,0.2348443208809465
1993-05-01,0.07068242112881265,0.01592477408264033,0.23931776576884609
1993-06-01,0.07070237750931113,0.015730586632804744,0.23647983636170902
1993-07-01,0.0700903078459932,0.01577280607385872,0.24193946483359408
1993-08-01,0.06903303985326961,0.01549784959209744,0.24138927746117886
1993-09-01,0.06800952994763775,0.015431189364607098,0.24133398919306415
1993-10-01,0.0675152238144943,0.015214098538000436,0.2381801471411258
1993-11-01,0.06693131102297036,0.015201224301126299,0.24236294163425506
1993-12-01,0.06620696392262167,0.015382403379460471,0.2519583476809235
1994-01-01,0.06572434914304219,0.015421976864331251,0.25524168929103225
1994-02-01,0.06566800265128317,0.01563309779076039,0.256586130051878
1994-03-01,0.0655735652261746,0.015394129608175827,0.2559496322004564
1994-04-01,0.06480632759105684,0.015418648362454782,0.2600794977169145
1994-05-01,0.06308529349111298,0.01505484471701266,0.26904327154328495
1994-06-01,0.061672269203552545,0.015088296325873177,0.2684400298514737
1994-07-01,0.060684971705240176,0.015103355297769154,0.27026997591369306
1994-08-01,0.06065445336124389,0.015279263224715846,0.2685003808657583
1994-09-01,0.06003249586894574,0.014987937173745233,0.2761136846914063
1994-10-01,0.05906998951394855,0.014112691913063254,0.27421839014293153
1994-11-01,0.05756565355260232,0.013913012819272487,0.2766857377953396
1994-12-01,0.05621366179690776,0.014097676872552966,0.2863745934920692
1995-01-01,0.05552186202110943,0.01504922919414242,0.2916530463933235
1995-02-01,0.05501592528786655,0.01479061067844088,0.29294299631074344
1995-03-01,0.05479993404954039,0.014679896575112717,0.2851515290738878
1995-04-01,0.055401206057981045,0.014411901131307858,0.2795491672037537
1995-05-01,0.05605184323706321,0.014655426939984798,0.27414333344391756
1995-06-01,0.05676577834292972,0.014784822917288824,0.2720205984345112
1995-07-01,0.056504441665542804,0.014648445601523273,0.2756523580509132
1995-08-01,0.05657161796547355,0.014968344743178786,0.2815409185187178
1995-09-01,0.05660615022660667,0.015007821261655981,0.28032630288074434
1995-10-01,0.05605305350855152,0.015084009845998681,0.28726146487592175
1995-11-01,0.055867749446625516,0.014772105174740273,0.27845951714473766
1995-12-01,0.05574358126323179,0.01413970098705026,0.2718209532100257
1996-01-01,0.05616716405074168,0.014176717404772965,0.2642117615298396
1996-02-01,0.055836400513826594,0.013838506493810231,0.26899602200909833
1996-03-01,0.05547980033374016,0.014062950922522794,0.27582219404841224
1996-04-01,0.055177987330933785,0.013719108047511768,0.27351363521108835
1996-05-01,0.0553542251910796,0.013988228695984704,0.2698877315697861
1996-06-01,0.054727414281718345,0.013966373312856798,0.27358122535906165
1996-07-01,0.05441307219559083,0.013971003220266632,0.2765183579084616
1996-08-01,0.05301440331319119,0.013535540595011957,0.2898054778844692
1996-09-01,0.05261938063717946,0.013601038315027042,0.28838869018791197
1996-10-01,0.05177739566721897,0.013308831616725811,0.2936371035938594
1996-11-01,0.05253062906196224,0.013849652315650822,0.2804989052125219
1996-12-01,0.0531300634898895,0.01334766445699622,0.2750492511483354
1997-01-01,0.05337398056135816,0.01384568484045573,0.28046324638413883
1997-02-01,0.05299223829693733,0.013669983676869994,0.28811628100140885
1997-03-01,0.05226919847700201,0.013755498142154552,0.2970923237554745
1997-04-01,0.05149822916065333,0.013365052035881354,0.2910821727976933
1997-05-01,0.050311245752136156,0.012936982406972183,0.2964684785850035
1997-06-01,0.04977902295193209,0.01347359006563188,0.29612708384207914
1997-07-01,0.04918968138283856,0.013350179191433368,0.30532695343782046
1997-08-01,0.04901548122646788,0.01317605848291252,0.29395109077501286
1997-09-01,0.0486102360459057,0.012646013689914581,0.2883348389977908
1997-10-01,0.04810131312574581,0.012649512426993928,0.2841687087905354
1997-11-01,0.04733080089699665,0.012675524253668585,0.2932164007691035
1997-12-01,0.04683652861288651,0.01319725563612417,0.30405907331942733
1998-01-01,0.046574480168785154,0.013163838605923767,0.302437625516421
1998-02-01,0.046552598825610726,0.013551480458021833,0.3053238930731687
1998-03-01,0.04641214843633467,0.013294264962171972,0.2999077166818815
1998-04-01,0.04536803325018376,0.013026941696270026,0.3162424763806165
1998-05-01,0.044710665574494345,0.012770757782925442,0.3099172836175033
1998-06-01,0.044176446221064,0.012451113093625753,0.31406760424813757
1998-07-01,0.04490089631707838,0.012835769160311629,0.2987688736055852
1998-08-01,0.04519972387645621,0.012904725078020691,0.30651569230532855
1998-09-01,0.04532142842578346,0.013125984363217687,0.307743082882365
1998-10-01,0.045296275890906755,0.012964690613646185,0.3092654935833547
1998-11-01,0.04501823333675292,0.012832629943377624,0.31062156743476577
1998-12-01,0.04433573096966884,0.012794408121148931,0.31187112885674095
1999-01-01,0.04352788085123641,0.012490923647485705,0.3140378992646287
1999-02-01,0.04349219888090978,0.01270630903014929,0.31013781941220814
1999-03-01,0.042883878200448845,0.012293724314642767,0.32366532304224177
1999-04-01,0.04295558194670115,0.01256161695943979,0.31174362633610414
1999-05-01,0.04218601505304798,0.012419229648374122,0.31695103326919466
1999-06-01,0.04252820395487102,0.01258377989309898,0.30175838735798205
1999-07-01,0.0425288270355163,0.012391879088869828,0.31194930664369563
1999-08-01,0.04259716198897875,0.012178443820530785,0.3155733225448463
1999-09-01,0.04248133837612941,0.011831666634519322,0.3186757322447251
1999-10-01,0.04185806807214773,0.011819249225600598,0.32183486065999034
1999-11-01,0.04150823773072973,0.011822685318154452,0.32706141020112317
1999-12-01,0.04082940096208331,0.01203003741121078,0.3362526589275405
2000-01-01,0.040423632788121784,0.011957079056477818,0.3479399957872866
2000-02-01,0.040523695178537544,0.01204861280444902,0.33323012912966693
2000-03-01,0.04049781105341835,0.012048055201479932,0.3286652674472192
2000-04-01,0.03992240603915509,0.011828528340085506,0.3295614746459338
2000-05-01,0.03969485001827738,0.011851966103711656,0.3241460572493116
2000-06-01,0.03948838704674495,0.011725687515203262,0.3232067471864583
2000-07-01,0.04015412849350392,0.012280500706886676,0.3146718186772904
2000-08-01,0.04036431519261194,0.012352709647941771,0.32285064537937064
2000-09-01,0.04031027067602117,0.012466053928908644,0.3248365279173678
2000-10-01,0.03977997589503176,0.011957515656904701,0.3289286573370593
2000-11-01,0.039238296847227426,0.011272272296438374,0.32567428834375695
2000-12-01,0.039192194632783,0.010837109459818103,0.315083825676617
2001-01-01,0.040219662215938284,0.011323891275831437,0.3002759243983723
2001-02-01,0.04119578903541626,0.01200685139811566,0.2994886816146763
2001-03-01,0.042308442600205054,0.012752449614026587,0.30166574798371065
2001-04-01,0.04290669958637705,0.012934805580751295,0.30174776142182386
2001-05-01,0.04326308363164367,0.013147639400013789,0.3104105332263789
2001-06-01,0.044116879762990724,0.013407659945783251,0.305903235851169
2001-07-01,0.04483232790112603,0.013429628933243743,0.3061315759250926
2001-08-01,0.04673420615367513,0.01378986213180601,0.2878326685296689
2001-09-01,0.04819141099792912,0.013659229310835679,0.2850870377996116
2001-10-01,0.05071583722774866,0.014150656024341688,0.26978895773440853
2001-11-01,0.05282785046325369,0.014549572749819445,0.2675315679590676
2001-12-01,0.055369403355283474,0.01497502354647135,0.25721635257610537
2002-01-01,0.05652506438758364,0.015258144073912945,0.25939175600478764
2002-02-01,0.05696091382316082,0.014862125241191937,0.26567354012069044
2002-03-01,0.05704380412586577,0.014607804941089908,0.26865411651588883
2002-04-01,0.057893966213886705,0.0142927269589129,0.2635571551864589
2002-05-01,0.05827991179610725,0.01391568325026714,0.253467372352609
2002-06-01,0.058441518378437786,0.014164207448171194,0.24466934981631952
2002-07-01,0.05794973653585236,0.013975482648408163,0.24417972889551784
2002-08-01,0.057721901543904115,0.014304208156067274,0.24731444926432955
2002-09-01,0.057297818148795365,0.014003331473999832,0.2559916587067506
2002-10-01,0.057039378015929926,0.014150670814958239,0.2575567282837056
2002-11-01,0.057531577938352785,0.01444025530929501,0.2465313273230282
2002-12-01,0.058488858746386395,0.014550160608615042,0.2348151408450704
2003-01-01,0.058894154818958246,0.014545351899385467,0.23804936098069904
2003-02-01,0.058975816261984525,0.014112736767528118,0.2374485603853734
2003-03-01,0.0587271357048082,0.01419491038150212,0.23872548210215305
2003-04-01,0.059388433606133294,0.01411460916811485,0.23223228683514777
2003-05-01,0.060105940005227926,0.014388823175058024,0.2324058898809921
2003-06-01,0.061504924746967476,0.014352355930618345,0.23090445660862488
2003-07-01,0.061888118356096,0.014125125271196892,0.2309462428952308
2003-08-01,0.06175706531640359,0.014224307613471413,0.23442898896364348
2003-09-01,0.061047638953544314,0.014186907426582936,0.23501600607208795
2003-10-01,0.06038147683096059,0.013810096034703309,0.2351250497700409
2003-11-01,0.05957940375344523,0.013275546257806895,0.23782680627528444
2003-12-01,0.05817986496357711,0.013226768643909417,0.2512476633353711
2004-01-01,0.057341097082890626,0.013202385855418308,0.25441638700710184
2004-02-01,0.05645039276252819,0.013136072163532228,0.2529921761768403
2004-03-01,0.056817327212168534,0.012978176898130973,0.23850587701234102
2004-04-01,0.05636231415955956,0.013111344031114788,0.24414339750357492
2004-05-01,0.05641951794340394,0.013209671542868477,0.24792112933089697
2004-06-01,0.05588871523640002,0.012994903439610461,0.2540952254018562
2004-07-01,0.05570625292421558,0.013053928864369518,0.2546251698348671
2004-08-01,0.055141829643790746,0.013047692070708758,0.25314190643592366
2004-09-01,0.05433590168905069,0.013348803898809367,0.2613013034065285
2004-10-01,0.0541541974380795,0.013503149210449178,0.2613355646571181
2004-11-01,0.053950620254477305,0.013346837325265594,0.26858422457429904
2004-12-01,0.05388829363001226,0.013185737276702062,0.26606813442232014
2005-01-01,0.053235556597685134,0.012988608958846848,0.2652657139949
2005-02-01,0.05331910236234961,0.013107382720123196,0.26046058468145
2005-03-01,0.05283661398229587,0.012811203038258898,0.2618239934170206
2005-04-01,0.052480356268282145,0.01249250783190181,0.2639682634024922
2005-05-01,0.051638115185696117,0.012183779608291206,0.2644736439627675
2005-06-01,0.051063726243783504,0.0123695112770068,0.26335331363486997
2005-07-01,0.05041222176461437,0.01256138379408536,0.26134698352703994
2005-08-01,0.0496720118443443,0.012610235857128657,0.27129250899289187
2005-09-01,0.04965623381125278,0.012662125293574538,0.2653953436157011
2005-10-01,0.049698010840589425,0.012536896812484086,0.2652908208716354
2005-11-01,0.05015775577254395,0.012338515803537425,0.2595300700511272
2005-12-01,0.049540375817642514,0.012045309392597986,0.2679188120769868
2006-01-01,0.0486536781963702,0.011699910931583443,0.27645913779349274
2006-02-01,0.04774414082909916,0.011689854470252723,0.2706872135773741
2006-03-01,0.047202763953106075,0.011652751932567674,0.2725709772173583
2006-04-01,0.047257185420381764,0.012302423125521543,0.2691947296615709
2006-05-01,0.04676202289391194,0.01242860877420703,0.27992993024527274
2006-06-01,0.04654978569389708,0.012467039489650743,0.2841958582111763
2006-07-01,0.046619355938048286,0.012495302604540922,0.2851123845915284
2006-08-01,0.046797552871931346,0.012413424770780494,0.28728615181492273
2006-09-01,0.04642776833860229,0.012421234149553937,0.29232376663652654
2006-10-01,0.04537657728586123,0.01204124857994541,0.2920575418247318
2006-11-01,0.0448270589732716,0.012220262864841435,0.28822967780279013
2006-12-01,0.04453612082638455,0.012322920498614632,0.28930598372176636
2007-01-01,0.04527659636373513,0.012686792022295492,0.28720873977721606
2007-02-01,0.04533964855427559,0.012715276557330112,0.2957519885438455
2007-03-01,0.04524137349596036,0.012434239764928648,0.296768275723347
2007-04-01,0.04473164696236221,0.012094926936674596,0.295732031024789
2007-05-01,0.04441126531347875,0.01182290302082005,0.29107098401771636
2007-06-01,0.044952284138899345,0.011996316040527819,0.2713961875431997
2007-07-01,0.045542988511263295,0.012170258016015489,0.2699136736973213
2007-08-01,0.04619210253056875,0.012180767607494607,0.26547383465716307
2007-09-01,0.046570242960462443,0.012223622185277526,0.2705423709427816
2007-10-01,0.046748623369076564,0.0121653406021831,0.26978755143112015
2007-11-01,0.04701461340166215,0.012165927783844758,0.26668681684156553
2007-12-01,0.04799228747435619,0.012326914554638973,0.26295740022271147
2008-01-01,0.0488716358613062,0.012228126307755485,0.2633455535015123
2008-02-01,0.04944775117959205,0.012449729167749647,0.26065858552831933
2008-03-01,0.04983217281035923,0.012772337204662221,0.2606513279049301
2008-04-01,0.04975991152702558,0.013087101557299701,0.2650467811377688
2008-05-01,0.05163130602846333,0.013635582144770023,0.25312023168137715
2008-06-01,0.05321352837019488,0.013625952818183401,0.246428343982805
2008-07-01,0.05594381560141668,0.013763065284221132,0.23034482837973777
2008-08-01,0.05815239502462676,0.014323027409640718,0.22861221635420248
2008-09-01,0.06010331938903792,0.014674689050711058,0.2307518562843266
2008-10-01,0.062499758042239145,0.01536958421162269,0.2249923617403268
2008-11-01,0.06487128184846074,0.01591406778082138,0.21764624630918575
2008-12-01,0.06872238943027643,0.016853786892218822,0.19857230332947037
2009-01-01,0.07310455305890713,0.018113803459263663,0.18955311070569078
2009-02-01,0.07820969359634665,0.01898639388621295,0.18244994053909472
2009-03-01,0.08292011278714012,0.01940042555922861,0.1759352143419508
2009-04-01,0.0867421567443497,0.018826906884297553,0.17416515768256902
2009-05-01,0.09015322235547162,0.018453406117272315,0.1665640592018198
2009-06-01,0.09280370637817115,0.01825373056021661,0.17077858074733074
2009-07-01,0.09441884751432318,0.01823546378759476,0.1697144791466001
2009-08-01,0.09518857225506243,0.018056909474398145,0.1720362129872127
2009-09-01,0.09602610749310729,0.01827948344369988,0.17024674550438637
2009-10-01,0.09780100736798168,0.018469377387801463,0.1616538736838162
2009-11-01,0.09876733508819868,0.017866669718105698,0.16426932652248635
2009-12-01,0.09911318566641246,0.017304401607147957,0.15891959630968752
2010-01-01,0.09851366280451516,0.01661068781485911,0.16446266357666942
2010-02-01,0.09832323714699981,0.016726842377525933,0.16256578678452796
2010-03-01,0.09836864471988682,0.01654500778187062,0.1678672379935557
2010-04-01,0.09872961562695017,0.01662200246558257,0.17196151129586726
2010-05-01,0.09807428568332428,0.01661446362422113,0.17731140340124085
2010-06-01,0.09656700148719682,0.01624914373006794,0.17461996778261626
2010-07-01,0.09500385183458471,0.0163064472266963,0.1720993049781224
2010-08-01,0.09456986359217696,0.016410858276467186,0.16814448768925136
2010-09-01,0.09472374111561088,0.016561589753484506,0.1672024900214487
2010-10-01,0.09474389212427015,0.016410615418553903,0.1663140597713978
2010-11-01,0.09567234308285104,0.016918296934508352,0.1643277577665422
2010-12-01,0.09523816529201119,0.01686211273033596,0.17134819104432583
2011-01-01,0.0942206288318782,0.01666557954006241,0.17130885721863387
2011-02-01,0.09167112416130685,0.015315575933790454,0.17286915327933686
2011-03-01,0.09039863736530677,0.015126152636934944,0.16959891659487528
2011-04-01,0.09022148677459002,0.015390762226258,0.1668642119793733
2011-05-01,0.09024558742654067,0.015786179087412793,0.16790246166170963
2011-06-01,0.09074051811975864,0.01580266430075797,0.16774123827348808
2011-07-01,0.09036925441644468,0.015415651741302267,0.1713814918250086
2011-08-01,0.09023405086303267,0.01493679161724669,0.1719675488123077
2011-09-01,0.09004920060527472,0.015556841599913884,0.17164264026083376
2011-10-01,0.08955209648662628,0.015569348162327487,0.17574038483646973
2011-11-01,0.08836461773334225,0.015830344294961256,0.18114530306821794
2011-12-01,0.08654054821839184,0.015055927428561627,0.1874085603396114
2012-01-01,0.08473981841903679,0.014619457610301196,0.1880623509761614
2012-02-01,0.08358497242341317,0.014230159854339994,0.1863187311093714
2012-03-01,0.08262835499842106,0.014216443210805155,0.18527086511351631
2012-04-01,0.08227334655153382,0.014295485903351585,0.18219125474846742
2012-05-01,0.08190926003257797,0.014192631991809505,0.1807425385021689
2012-06-01,0.08180514611115502,0.013993043846451855,0.17764123821510625
2012-07-01,0.0817557179122425,0.014265904036218727,0.1784900347644566
2012-08-01,0.08136695280099097,0.014518518835855884,0.17856325360531114
2012-09-01,0.08011400186342017,0.014308136037236623,0.18442920270283691
2012-10-01,0.07886775635102594,0.013934116766111004,0.1891216190223047
2012-11-01,0.07776818613463445,0.013666492654165788,0.19032362800801617
2012-12-01,0.07808171137849175,0.014264448874832586,0.18355739868758247
2013-01-01,0.07878959969193698,0.01466900990916545,0.17970077729097036
2013-02-01,0.07867587025320251,0.014354197623400013,0.1839972553391105
2013-03-01,0.07747210384270756,0.013687175749650402,0.18719744156070225
2013-04-01,0.07601015961698997,0.013371254324229078,0.18866132757216722
2013-05-01,0.07533885739957764,0.013601498600488432,0.1886552671967542
2013-06-01,0.07535131154485462,0.01398544609849108,0.19230292305226757
2013-07-01,0.07440777862890453,0.01370398239302032,0.19898906464609079
2013-08-01,0.07359338742173388,0.013729490123875358,0.19781296981347532
2013-09-01,0.07257356522531129,0.013295363304132252,0.19449373837172654
2013-10-01,0.072290078549108,0.014009638618273626,0.18692524671143992
2013-11-01,0.07128657993613303,0.013088941920022606,0.18983950648926728
2013-12-01,0.0695050771704281,0.012748740187359784,0.19849687679743602
2014-01-01,0.06739613318472111,0.012274058661661926,0.20924437268698068
2014-02-01,0.06642480314057336,0.013277666883998868,0.21561493281787236
2014-03-01,0.06625235737438652,0.013564618399713726,0.21879616072858402
2014-04-01,0.06517724716634826,0.013047043715684742,0.22340569366589583
2014-05-01,0.06409946861791625,0.012895049503625355,0.21859025189074255
2014-06-01,0.062175673740791824,0.01271994304494952,0.22175722203580114
2014-07-01,0.06188970401005284,0.012902024860750837,0.21393856121963828
2014-08-01,0.06127444245691276,0.013003563688873595,0.21881142528596123
2014-09-01,0.060808255452787584,0.012677313689183739,0.2200906373368686
2014-10-01,0.059437452488426766,0.012278826495513845,0.23439328094402204
2014-11-01,0.058305480140108425,0.012154733038269742,0.235303900185965
2014-12-01,0.05710646752599394,0.01225707782112332,0.23925988786911154
2015-01-01,0.056808792109126004,0.012391200096428722,0.22771267801151743
2015-02-01,0.05574541954862633,0.01212220292410497,0.23217905557147364
2015-03-01,0.055278665600413356,0.012203014453036056,0.23001177436779172
2015-04-01,0.05456396658136394,0.012280618671969022,0.23741975220019865
2015-05-01,0.05494396323524362,0.012281561045104453,0.2335550354402368
2015-06-01,0.05432673555010866,0.01204562658192887,0.24188583340557226
2015-07-01,0.05352095369156723,0.011662794222997508,0.2372266322415668
2015-08-01,0.05179204098494086,0.01126167593315359,0.24856364278618429
2015-09-01,0.05110579432240705,0.011454039199793231,0.2429919501503889
2015-10-01,0.050567314399665275,0.011477159171400462,0.24882750379198662
2015-11-01,0.050553033702680605,0.011601692518630994,0.24519975103923386
2015-12-01,0.05041448969668133,0.01157371966779399,0.25110169446489045
2016-01-01,0.04967518806933378,0.011332947479094649,0.25617197119087404
2016-02-01,0.048923282865350366,0.010988229331653667,0.2467249769036759
2016-03-01,0.04891650223004971,0.010966258399353855,0.23490396470465105
2016-04-01,0.04975121526580193,0.011391151090982361,0.2242180235109226
2016-05-01,0.04963167628732362,0.01177704856187374,0.23811206867806498
2016-06-01,0.0491988877845938,0.011768101172894362,0.24482068896470335
2016-07-01,0.0483011684080962,0.011489516507638181,0.2528201118065173
2016-08-01,0.048498496973203443,0.0113455063904214,0.24363826305058814
2016-09-01,0.048858745623359234,0.01121514698125082,0.24396421923636138
2016-10-01,0.04917279148040421,0.011341153253414322,0.2488659192512169
2016-11-01,0.04869576301435244,0.011521091985708337,0.26112870269585003
2016-12-01,0.04779769028741639,0.011476139684278705,0.2613222343225307
2017-01-01,0.04707977056553714,0.011296340813560032,0.26373539252482053
2017-02-01,0.04668219528952091,0.011142848497309227,0.26531522983190076
2017-03-01,0.045704566663401426,0.010833088449857815,0.2693983789143395
2017-04-01,0.044846259630338704,0.010892008444720486,0.26851724759267265
2017-05-01,0.04403683061352066,0.010681457408464089,0.2666653770978966
2017-06-01,0.04361578966404323,0.010956227968524046,0.2681560291998732
2017-07-01,0.0431958065945878,0.010877118677718784,0.2771825998930642
2017-08-01,0.043319177875160174,0.01107113711288603,0.2707781136704475
2017-09-01,0.043195647869202825,0.010836042710259822,0.27856407145473044
2017-10-01,0.04280999389157525,0.010824260601639766,0.2759022211011588
2017-11-01,0.04217119016159129,0.010517782878483269,0.28416805392914335
2017-12-01,0.041763578168078776,0.010528609135902464,0.2795296799344145
2018-01-01,0.04127411269315337,0.010116902831252269,0.2751326329609294
2018-02-01,0.04077223228198687,0.009926921662550083,0.27548831807023794
2018-03-01,0.040344431179773474,0.010064892317915372,0.2763337526489595
2018-04-01,0.040211405099023816,0.010379533030028018,0.2774274371963032
2018-05-01,0.0394126154030015,0.010142968842011615,0.27732956069697307
2018-06-01,0.03931822123648151,0.009697886275354985,0.26802307420437194
2018-07-01,0.03872942300360816,0.009529917354950365,0.2716797146311478
2018-08-01,0.038661785518878534,0.009978667524154102,0.2760667631968591
2018-09-01,0.03790254598532867,0.010024766905174336,0.28558027456216173
2018-10-01,0.037914928226578055,0.010017461899092117,0.2851188751175477
2018-11-01,0.03773932826324878,0.00972242056551116,0.28549146275493814
2018-12-01,0.038299176056191965,0.00976537286970332,0.28039325890580397
2019-01-01,0.038811051785150416,0.00957803248143471,0.27599226569141516
2019-02-01,0.03884147905011967,0.00945827150731332,0.275498710505661
2019-03-01,0.038483109333299875,0.009424538731881251,0.2798328134455081
2019-04-01,0.03745993734880965,0.009162156955390372,0.28090584564083515
2019-05-01,0.037057145787623424,0.00906945387432284,0.27249603701594666
2019-06-01,0.03649115932735383,0.009164484526797708,0.27504298652385967
2019-07-01,0.03661991551034682,0.009319552637398205,0.27561516708082334
2019-08-01,0.03657458056363607,0.00922240362421671,0.28015982437830056
2019-09-01,0.036136521947497564,0.008748519637367365,0.2819600499226889
2019-10-01,0.03568927583188732,0.008933229464323206,0.27621194458513454
2019-11-01,0.03548006245864332,0.008819948910312124,0.2703215866899471
2019-12-01,0.035639452942981625,0.009110891432552387,0.27287583188095355
2020-01-01,0.035638221262028015,0.009342958707656246,0.2889217718633453
2020-02-01,0.035407314092185414,0.009753119610489464,0.2992229877153594
2020-03-01,0.0383375636111509,0.012512657446608932,0.2642628943292405
2020-04-01,0.0756759398624196,0.05278147540468708,0.18030805718856036
2020-05-01,0.10814157501338752,0.06141342639641608,0.20770124420775052
2020-06-01,0.13014178055370193,0.06425416573715163,0.28849519697730036
2020-07-01,0.11494069885762785,0.0283415691938075,0.3714360077183665
2020-08-01,0.09873572708611833,0.020853426659844628,0.3622726633161053
2020-09-01,0.08808510288010556,0.017731186690134317,0.3045783059913383
2020-10-01,0.07696927378789031,0.014446413929501687,0.30855800926309757
2020-11-01,0.07124078603738089,0.014626839874619935,0.2752239891264409
2020-12-01,0.0674485407251208,0.014067113369448969,0.2614273035903771
2021-01-01,0.06583885011330819,0.01413176344499352,0.23968713223174332
2021-02-01,0.06444578511238501,0.013915497463200732,0.24192130211888122
2021-03-01,0.06238658973090497,0.01288172955386968,0.2449383155759239
2021-04-01,0.06130422043499879,0.01277629313718613,0.24089423528084475
2021-05-01,0.059713229199531155,0.012298302927132047,0.24011059646525015
2021-06-01,0.05900515732358688,0.012183569951178475,0.2371508712433943
2021-07-01,0.056794442436525476,0.011466650579429008,0.24492234786830255
2021-08-01,0.0546652136759966,0.011139126261623616,0.25203065296419364
2021-09-01,0.050893061969797954,0.010500237068727741,0.26660101703159117
2021-10-01,0.047873012707470124,0.009820406205949622,0.27344715619868687
2021-11-01,0.044661128318109485,0.009722270018323086,0.28683810983766705
2021-12-01,0.041991382545488544,0.009155802429081667,0.29531248115763814
2022-01-01,0.040257182585514896,0.009677362085665994,0.2981689068485878
2022-02-01,0.039205091763875245,0.009762032082743123,0.3038141819459354
2022-03-01,0.03828794862544349,0.010345188959751221,0.3112376926255247
2022-04-01,0.037229155747274985,0.010310740357814555,0.30741639950483135
2022-05-01,0.03654821295180144,0.010106362317783687,0.2973944403219382
2022-06-01,0.03643322170123741,0.009952680462412222,0.29099592893014864
2022-07-01,0.035947789201889506,0.009687510771434397,0.302482930566065
2022-08-01,0.0357966325080975,0.00959828112796359,0.3075530391486683
2022-09-01,0.03543372463800976,0.00943503508785069,0.3050689808029332
2022-10-01,0.03578624895757955,0.009550184130067647,0.28903697430873604
2022-11-01,0.03584976048957757,0.009792379317764124,0.2837926382772184
2022-12-01,0.035767178082871144,0.00995138891643066,0.29295353111508354
2023-01-01,0.03523559871969995,0.009471658874974002,0.29544956020612734
2023-02-01,0.035135580097017526,0.009055328794520062,0.2890401016367584
2023-03-01,0.035167957738304015,0.008803117363592525,0.2795655336381891
2023-04-01,0.03512326957592641,0.008834995536418545,0.28234187953783013
2023-05-01,0.0353391412350229,0.009267002318554885,0.2708865716405687
2023-06-01,0.0355567469466734,0.009359246659654883,0.265960124416031
2023-07-01,0.03586785505673438,0.009307868925919829,0.27368140203167485
2023-08-01,0.03619195303560754,0.009000319945096792,0.2760987068123737
2023-09-01,0.0368641939040642,0.009241576530878056,0.2791087644643303
2023-10-01,0.037934033495762194,0.009557430327703904,0.26489421614536773
2023-11-01,0.037846265985827944,0.00945067110228257,0.28219057698578137
2023-12-01,0.03784906411557052,0.00937222769859177,0.27860571183334043
2024-01-01,0.03721872989651221,0.009215480814581168,0.28251127048284824
2024-02-01,0.037681952873732154,0.009401583570250917,0.2643078128859506
2024-03-01,0.038007071172807966,0.009372990261383392,0.2626105721877751
2024-04-01,0.03864043118005516,0.009848156533196152,0.26253387580148835
2024-05-01,0.03895926205162246,0.009824474945732466,0.26892112486001934
2024-06-01,0.03965136337506783,0.0099289926438247,0.26652985381286204
2024-07-01,0.040824326761676216,0.010125241878976022,0.2581914279167193
2024-08-01,0.041632337386753517,0.010603301858506923,0.25958792125157454
2024-09-01,0.04167877786960328,0.010656315102146575,0.2689399324709949
2024-10-01,0.041422046109585976,0.010322592354048052,0.26522415616973793
2024-11-01,0.04153703120496351,0.00946363802332645,0.24502309044900863
2024-12-01,0.041519986243104,0.009239688311037228,0.2375335942788888
